msg_id,is_covert
1,True
2,True
2,True
3,True
3,True
5,True
5,True
6,True
7,True
7,True
8,True
9,True
10,True
11,True
12,True
12,True
13,True
14,True
14,True
15,True
16,True
17,True
18,True
18,True
19,True
20,True
21,False
21,False
22,False
22,False
23,False
23,False
24,False
24,False
25,False
25,False
26,False
26,False
27,False
27,False
28,False
28,False
29,False
29,False
30,False
30,False
31,False
31,False
32,False
32,False
33,False
33,False
34,False
34,False
35,False
35,False
36,False
36,False
37,False
37,False
38,False
38,False
39,False
39,False
40,False
40,False
41,True
42,True
45,True
45,True
46,True
47,True
48,True
49,True
50,True
51,True
52,True
53,True
53,True
54,True
54,True
55,True
56,True
57,True
59,True
60,True
61,False
61,False
61,False
62,False
62,False
62,False
63,False
63,False
63,False
64,False
64,False
64,False
65,False
65,False
65,False
66,False
66,False
66,False
67,False
67,False
67,False
68,False
68,False
68,False
69,False
69,False
69,False
70,False
70,False
70,False
71,False
71,False
71,False
72,False
72,False
73,False
73,False
73,False
74,False
74,False
74,False
75,False
75,False
75,False
76,False
76,False
76,False
77,False
77,False
77,False
78,False
78,False
78,False
79,False
79,False
79,False
80,False
80,False
80,False
81,True
83,True
84,True
84,True
85,True
86,True
87,True
88,True
89,True
90,True
91,True
93,True
93,True
94,True
96,True
97,True
98,True
100,True
101,False
101,False
101,False
101,False
101,False
101,False
101,False
102,False
102,False
102,False
102,False
102,False
102,False
102,False
103,False
103,False
103,False
103,False
103,False
103,False
103,False
104,False
104,False
104,False
104,False
104,False
104,False
104,False
105,False
105,False
105,False
105,False
105,False
105,False
105,False
106,False
106,False
106,False
106,False
106,False
106,False
106,False
107,False
107,False
107,False
107,False
107,False
107,False
107,False
108,False
108,False
108,False
108,False
108,False
108,False
108,False
109,False
109,False
109,False
109,False
109,False
109,False
109,False
110,False
110,False
110,False
110,False
110,False
110,False
110,False
111,False
111,False
111,False
111,False
111,False
111,False
111,False
112,False
112,False
112,False
112,False
112,False
112,False
112,False
113,False
113,False
113,False
113,False
113,False
113,False
113,False
114,False
114,False
114,False
114,False
114,False
114,False
115,False
115,False
115,False
115,False
115,False
115,False
115,False
116,False
116,False
116,False
116,False
116,False
116,False
116,False
117,False
117,False
117,False
117,False
117,False
117,False
117,False
118,False
118,False
118,False
118,False
118,False
118,False
118,False
119,False
119,False
119,False
119,False
119,False
119,False
119,False
120,False
120,False
120,False
120,False
120,False
120,False
120,False
121,True
122,True
123,True
124,True
125,True
126,True
127,True
128,True
129,True
130,True
130,True
131,True
131,True
132,True
133,True
134,True
135,True
137,True
138,True
139,True
139,True
141,False
141,False
141,False
141,False
141,False
141,False
141,False
141,False
141,False
141,False
141,False
141,False
141,False
141,False
142,False
142,False
142,False
142,False
142,False
142,False
142,False
142,False
142,False
142,False
142,False
142,False
142,False
142,False
143,False
143,False
143,False
143,False
143,False
143,False
143,False
143,False
143,False
143,False
143,False
143,False
144,False
144,False
144,False
144,False
144,False
144,False
144,False
144,False
144,False
144,False
144,False
144,False
144,False
145,False
145,False
145,False
145,False
145,False
145,False
145,False
145,False
145,False
145,False
145,False
145,False
145,False
145,False
146,False
146,False
146,False
146,False
146,False
146,False
146,False
146,False
146,False
146,False
146,False
146,False
146,False
146,False
147,False
147,False
147,False
147,False
147,False
147,False
147,False
147,False
147,False
147,False
147,False
147,False
147,False
148,False
148,False
148,False
148,False
148,False
148,False
148,False
148,False
148,False
148,False
148,False
148,False
148,False
148,False
149,False
149,False
149,False
149,False
149,False
149,False
149,False
149,False
149,False
149,False
149,False
149,False
149,False
149,False
150,False
150,False
150,False
150,False
150,False
150,False
150,False
150,False
150,False
150,False
150,False
150,False
150,False
150,False
151,False
151,False
151,False
151,False
151,False
151,False
151,False
151,False
151,False
151,False
151,False
151,False
151,False
151,False
152,False
152,False
152,False
152,False
152,False
152,False
152,False
152,False
152,False
152,False
152,False
152,False
152,False
152,False
153,False
153,False
153,False
153,False
153,False
153,False
153,False
153,False
153,False
153,False
153,False
153,False
153,False
153,False
154,False
154,False
154,False
154,False
154,False
154,False
154,False
154,False
154,False
154,False
154,False
154,False
154,False
154,False
155,False
155,False
155,False
155,False
155,False
155,False
155,False
155,False
155,False
155,False
155,False
155,False
155,False
156,False
156,False
156,False
156,False
156,False
156,False
156,False
156,False
156,False
156,False
156,False
156,False
156,False
156,False
157,False
157,False
157,False
157,False
157,False
157,False
157,False
157,False
157,False
157,False
157,False
157,False
157,False
157,False
158,False
158,False
158,False
158,False
158,False
158,False
158,False
158,False
158,False
158,False
158,False
158,False
158,False
158,False
159,False
159,False
159,False
159,False
159,False
159,False
159,False
159,False
159,False
159,False
159,False
159,False
159,False
159,False
160,False
160,False
160,False
160,False
160,False
160,False
160,False
160,False
160,False
160,False
160,False
160,False
160,False
160,False
